{
    "asia-east1":              {"gce": 0.025255},
    "asia-east2":              {"gce": 0.030519},
    "asia-northeast1":         {"gce": 0.028026},
    "asia-northeast2":         {"gce": 0.028026},
    "asia-northeast3":         {"gce": 0.028026},
    "asia-south1":             {"gce": 0.026199},
    "asia-south2":             {"gce": 0.026199},
    "asia-southeast1":         {"gce": 0.026909},
    "asia-southeast2":         {"gce": 0.029331},
    "australia-southeast1":    {"gce": 0.030950},
    "australia-southeast2":    {"gce": 0.030950},
    "europe-central2":         {"gce": 0.028103},
    "europe-north1":           {"gce": 0.024016},
    "europe-southwest1":       {"gce": 0.025738},
    "europe-west1":            {"gce": 0.023993},
    "europe-west2":            {"gce": 0.028103},
    "europe-west3":            {"gce": 0.028103},
    "europe-west4":            {"gce": 0.024013},
    "europe-west6":            {"gce": 0.030519},
    "europe-west8":            {"gce": 0.025302},
    "europe-west9":            {"gce": 0.025302},
    "europe-west12":           {"gce": 0.02813695},
    "me-west1":                {"gce": 0.02399275},
    "northamerica-northeast1": {"gce": 0.024013},
    "northamerica-northeast2": {"gce": 0.02401338},
    "southamerica-east1":      {"gce": 0.034624},
    "southamerica-west1":      {"gce": 0.031190573},
    "us-central1":             {"gce": 0.021811},
    "us-east1":                {"gce": 0.021811},
    "us-east4":                {"gce": 0.024567},
    "us-east5":                {"gce": 0.02181159},
    "us-south1":               {"gce": 0.02573768},
    "us-west1":                {"gce": 0.021811},
    "us-west2":                {"gce": 0.026199},
    "us-west3":                {"gce": 0.026199},
    "us-west4":                {"gce": 0.024567}
  }
